{
  "accuracy": 0.7074766355140187,
  "macro_f1": 0.3817955593451845,
  "weighted_f1": 0.7122110494655381,
  "per_class": {
    "0": {
      "precision": 0.7027027027027027,
      "recall": 0.43333333333333335,
      "f1": 0.5360824742268041,
      "support": 60
    },
    "1": {
      "precision": 0.6609195402298851,
      "recall": 0.558252427184466,
      "f1": 0.6052631578947368,
      "support": 412
    },
    "2": {
      "precision": 0.03125,
      "recall": 0.07042253521126761,
      "f1": 0.04329004329004329,
      "support": 71
    },
    "3": {
      "precision": 0.5701754385964912,
      "recall": 0.38461538461538464,
      "f1": 0.45936395759717313,
      "support": 169
    },
    "4": {
      "precision": 0.7325714285714285,
      "recall": 0.8160407383831955,
      "f1": 0.7720566094549834,
      "support": 1571
    },
    "5": {
      "precision": 0.1509433962264151,
      "recall": 0.1702127659574468,
      "f1": 0.16,
      "support": 47
    },
    "6": {
      "precision": 0.5881057268722467,
      "recall": 0.572961373390558,
      "f1": 0.5804347826086956,
      "support": 466
    },
    "7": {
      "precision": 0.2236842105263158,
      "recall": 0.22666666666666666,
      "f1": 0.2251655629139073,
      "support": 75
    },
    "8": {
      "precision": 0.22857142857142856,
      "recall": 0.5,
      "f1": 0.3137254901960784,
      "support": 32
    },
    "9": {
      "precision": 0.0,
      "recall": 0.0,
      "f1": 0.0,
      "support": 1
    },
    "10": {
      "precision": 0.20930232558139536,
      "recall": 0.5294117647058824,
      "f1": 0.3,
      "support": 34
    },
    "11": {
      "precision": 0.8558809855880986,
      "recall": 0.7983521248915871,
      "f1": 0.8261162216737716,
      "support": 2306
    },
    "12": {
      "precision": 0.2857142857142857,
      "recall": 0.09433962264150944,
      "f1": 0.14184397163120568,
      "support": 106
    }
  }
}