{
  "accuracy": 0.7697196261682243,
  "macro_f1": 0.41024712205358366,
  "weighted_f1": 0.7551385784689404,
  "per_class": {
    "0": {
      "precision": 0.6296296296296297,
      "recall": 0.5666666666666667,
      "f1": 0.5964912280701754,
      "support": 60
    },
    "1": {
      "precision": 0.6818181818181818,
      "recall": 0.6553398058252428,
      "f1": 0.6683168316831684,
      "support": 412
    },
    "2": {
      "precision": 0.0,
      "recall": 0.0,
      "f1": 0.0,
      "support": 71
    },
    "3": {
      "precision": 0.6694214876033058,
      "recall": 0.47928994082840237,
      "f1": 0.5586206896551724,
      "support": 169
    },
    "4": {
      "precision": 0.7567720090293454,
      "recall": 0.8535964353914705,
      "f1": 0.8022734071193539,
      "support": 1571
    },
    "5": {
      "precision": 0.35714285714285715,
      "recall": 0.10638297872340426,
      "f1": 0.16393442622950818,
      "support": 47
    },
    "6": {
      "precision": 0.6330798479087453,
      "recall": 0.7145922746781116,
      "f1": 0.6713709677419355,
      "support": 466
    },
    "7": {
      "precision": 0.4230769230769231,
      "recall": 0.29333333333333333,
      "f1": 0.3464566929133858,
      "support": 75
    },
    "8": {
      "precision": 0.2,
      "recall": 0.0625,
      "f1": 0.09523809523809523,
      "support": 32
    },
    "9": {
      "precision": 0.0,
      "recall": 0.0,
      "f1": 0.0,
      "support": 1
    },
    "10": {
      "precision": 0.5714285714285714,
      "recall": 0.35294117647058826,
      "f1": 0.43636363636363634,
      "support": 34
    },
    "11": {
      "precision": 0.8600171232876712,
      "recall": 0.8712055507372073,
      "f1": 0.8655751831107281,
      "support": 2306
    },
    "12": {
      "precision": 0.2647058823529412,
      "recall": 0.08490566037735849,
      "f1": 0.12857142857142856,
      "support": 106
    }
  }
}